,exited
2515,1
4669,1
5568,0
6237,0
2386,0
776,1
3598,0
7171,0
2736,0
6061,1
7956,0
1350,0
8885,0
5509,0
5408,0
196,0
2229,0
7199,0
9514,0
8542,0
8118,0
6454,0
5161,0
8930,0
8098,1
3061,0
1592,0
5410,0
6249,0
308,1
5166,0
4426,0
4587,0
4097,0
8356,0
2418,1
913,0
3980,0
5311,0
5814,0
9956,1
4825,0
4932,0
1447,1
4912,1
8327,0
6482,0
9042,0
9023,0
6221,1
3060,0
6645,0
5682,0
3043,0
1899,0
1410,1
2475,0
149,0
4715,0
5981,0
3054,0
955,0
3685,0
7557,0
6230,0
2181,1
4609,0
3949,0
2989,1
5011,1
1983,0
7939,0
1615,0
7056,0
7311,0
2680,0
9055,1
6508,1
7308,1
6826,0
6239,0
630,1
7155,1
7471,0
4558,0
723,0
4242,1
4167,0
7610,0
4966,0
3226,0
16,1
9540,1
3320,0
667,0
5873,1
4082,1
5012,0
189,0
5248,0
5752,0
5712,1
6068,0
4838,0
1388,1
8197,0
5839,0
4667,1
8701,0
9812,0
7314,1
5978,0
536,0
7174,0
271,1
2375,0
9926,0
3858,0
7013,0
9278,0
8512,0
1030,0
2670,1
1500,1
4874,0
8322,0
656,0
4146,0
3029,0
4367,1
2361,0
3538,1
1758,0
7216,1
9141,0
597,0
9126,1
5718,0
3209,0
1462,1
7358,1
9510,0
7005,0
5023,0
6972,1
2086,0
3337,1
9867,0
2430,1
2482,0
2271,0
8636,1
2381,1
7996,0
2369,1
9286,1
100,0
8343,1
9849,0
2743,1
7860,0
252,0
9294,0
3393,0
2846,0
6702,1
4152,0
5275,0
5688,0
7139,0
8936,1
4222,1
4856,0
3687,0
3611,0
9048,0
6450,0
8394,0
1820,0
4535,1
3339,1
8046,0
3139,0
1409,0
530,0
1106,0
3367,1
1033,0
9999,0
9774,0
3186,0
3426,0
2072,0
4333,0
1893,0
5137,1
8337,0
9386,0
7342,0
4984,0
4486,0
5120,0
9626,0
4338,0
9190,0
876,0
920,0
8777,0
7650,0
4845,0
619,0
5280,1
110,0
9414,1
5150,0
5614,0
2435,0
3595,0
4564,0
1674,1
4736,0
7698,1
1113,1
2694,0
2128,0
7282,1
9771,0
3539,0
2304,0
4268,1
3307,0
2946,0
8357,0
632,0
6189,0
7709,0
3354,0
4496,0
3633,0
7677,0
9441,0
8798,0
1149,0
5262,0
427,0
297,1
4406,0
6161,0
7589,0
1453,0
3779,0
7376,0
2149,1
8128,0
8344,1
5949,1
2568,1
1727,0
7862,0
6303,1
2032,1
1559,0
7151,0
7652,0
8706,1
4265,0
5560,0
5639,0
8023,0
5099,1
6877,0
3002,0
7547,0
9088,1
2030,0
382,0
4502,1
1320,0
8492,0
8115,0
4534,0
7019,0
5737,0
739,0
5703,0
7,1
5388,1
7745,0
4523,0
7059,0
3104,0
4794,0
2858,0
571,1
7378,0
3397,0
569,0
2841,0
237,1
5736,0
3028,0
3606,0
2237,1
9219,0
1452,1
3314,1
6992,1
5259,0
6171,0
5691,0
4275,0
459,0
2205,0
4734,1
9427,0
2782,0
3018,0
6111,0
4585,0
8473,0
1792,0
9092,1
5480,0
2104,0
2503,0
7712,0
6619,0
8433,0
430,1
6931,0
8514,0
563,1
2998,0
386,0
1715,0
6009,0
9123,0
5054,0
3294,1
1278,0
4359,0
6186,1
8134,0
79,0
2327,0
312,0
1852,0
5661,0
7522,1
7873,0
8401,1
763,0
7659,0
5530,0
1264,0
6685,0
9101,0
1613,0
7950,0
5057,1
2324,0
3754,0
4117,0
885,0
1553,0
8775,0
4413,0
9214,1
7405,0
2371,0
6027,0
5155,0
5145,0
6024,0
1271,0
7762,0
7441,0
3331,0
9418,0
1626,1
8479,0
3068,0
5297,1
3979,1
6418,0
2303,0
1620,0
185,0
5492,0
423,0
5024,1
1358,0
4781,1
4598,0
3158,0
917,0
6833,0
218,1
8839,0
2917,1
248,0
5178,0
6158,0
9103,0
8700,0
8881,0
1215,1
3122,0
9049,0
6771,0
266,0
3769,0
3363,0
552,0
2209,0
5184,0
1356,0
1769,0
3998,1
2747,0
726,0
846,0
3662,0
3325,0
3425,0
2155,0
3706,0
4230,0
588,0
799,0
2619,1
4188,0
4163,0
8594,0
2384,0
2445,0
2677,0
4939,1
6138,1
6293,0
6976,0
5085,1
990,0
6856,0
2332,0
674,0
1648,0
4850,1
4032,0
3988,1
3130,1
3379,0
1535,0
4655,0
9907,0
4121,0
5366,0
3413,0
8323,0
8632,0
2193,0
9051,0
6621,1
2738,1
8247,0
5689,0
687,1
2223,0
8669,0
243,1
5325,1
3755,0
9358,0
9082,0
1518,0
4816,0
3668,1
4658,0
9056,1
4215,1
5604,0
1222,0
2621,0
8974,0
5506,0
2474,1
8366,0
9255,1
395,0
6582,0
8465,1
3127,1
8413,0
4686,1
1510,0
8513,0
4608,1
3115,0
9616,0
4273,0
6218,0
934,0
3131,0
4936,1
4044,0
9259,0
9402,0
8947,0
5045,0
8502,0
2429,0
3875,0
1520,1
5793,0
2451,0
7980,0
9750,1
7743,0
8732,0
4809,0
8980,0
4086,0
6853,0
5271,1
5933,1
7796,0
4282,0
8534,0
5733,1
3663,1
5674,0
4706,0
830,0
8999,0
5646,1
9969,0
7040,0
5008,0
9759,0
35,1
6402,0
8300,0
7238,1
3297,0
4775,0
8440,0
1766,0
9951,0
7386,0
7922,0
1122,1
8819,0
1865,0
2818,0
4620,0
967,0
5417,0
7410,0
4250,0
6918,0
3904,0
2780,0
658,0
5451,0
7177,0
263,0
4239,0
7495,0
2633,0
4989,0
5019,1
3011,0
3359,0
9584,1
4925,0
1103,0
1829,1
1287,0
7312,0
2673,0
1950,1
3505,0
4542,0
9073,1
8162,0
2169,0
3213,0
1004,0
1313,0
7825,1
5291,0
6295,1
6796,0
7121,0
9400,0
6962,0
7866,0
1943,0
2603,0
454,0
5211,0
6334,0
8767,0
1944,0
466,0
7645,0
5332,0
5872,0
6858,0
8638,0
9230,0
9844,0
5270,0
1734,0
5087,1
5365,0
5960,1
7092,0
8307,0
546,0
8238,0
5342,0
8763,1
3554,0
3762,0
1073,0
4889,1
3197,0
8036,0
8342,0
6894,0
1960,0
1550,0
2570,0
3231,0
3698,0
3943,0
4931,0
292,0
5964,0
4171,0
43,1
8318,0
4979,0
9816,0
1186,0
8935,1
8069,0
3531,1
984,0
1692,0
9679,0
9163,0
9417,0
5025,1
7800,1
4597,1
6005,0
999,0
6471,0
5177,1
1319,0
1882,0
7476,0
2008,0
9185,0
319,0
4887,0
285,0
7300,0
2422,0
7917,0
9533,1
2723,0
8076,1
4255,0
2097,0
7426,1
8104,0
5764,0
3672,0
1375,0
1294,0
9102,0
6566,0
3365,1
287,0
2494,0
5653,0
5336,1
1328,1
2836,0
7669,0
1479,0
583,0
3315,0
1940,1
5635,0
4513,0
7336,0
6141,0
6689,0
9647,0
2572,0
8956,0
3656,1
223,1
7910,0
8121,0
7837,1
132,0
2426,0
7075,0
7170,0
4753,0
4440,0
9348,0
8167,0
1083,0
746,0
3944,0
8813,0
4432,0
6943,0
2554,0
1486,0
8949,0
6551,0
5266,0
8889,0
6425,0
9494,1
9502,0
6381,0
655,0
3430,0
5123,0
6628,0
7252,0
8821,0
238,1
9296,0
9147,0
2127,0
6911,1
3766,0
3899,0
3417,0
9071,0
7828,0
3167,1
8176,0
8973,0
853,0
4085,0
2236,1
3806,0
8612,0
8633,0
4031,0
2932,1
6407,1
6961,0
33,0
4499,0
7136,1
3934,0
6162,0
6573,0
2023,0
3916,0
2310,0
2153,1
115,0
7868,0
7447,0
4334,0
1094,0
2593,0
160,0
3845,0
358,0
3399,1
6543,0
5471,1
9292,0
4737,0
9388,0
728,0
6653,0
7182,0
8198,1
594,0
8766,0
4357,0
6548,0
2879,1
492,0
9160,0
4783,0
6603,0
5081,0
9887,0
671,0
5047,0
6234,0
5079,0
3605,0
9216,0
7932,0
3166,1
5175,0
4952,0
9349,0
8912,0
396,0
8475,1
8781,0
9964,0
7676,0
8170,1
7844,0
6241,0
6975,0
4225,0
1818,0
9981,1
2517,0
7514,1
7909,1
5032,0
1558,0
8600,1
2231,0
2679,0
7400,1
6730,0
1689,1
379,1
1565,0
1838,1
4967,1
9411,1
4573,0
7597,0
389,0
4135,0
570,0
9072,0
3955,0
1099,0
542,0
9829,0
9895,1
4562,0
6264,0
9541,0
8358,1
8506,0
8018,1
6747,0
8841,0
7322,1
5391,0
3179,0
302,0
916,1
2588,0
3222,0
6538,1
5243,1
745,0
709,0
6203,0
9006,0
3239,0
2655,0
8223,0
7142,1
8659,0
5904,1
1534,1
9939,0
1288,0
6564,1
331,0
9079,0
7725,0
3235,0
528,1
4153,1
6367,0
4465,0
4854,0
1918,0
5093,1
304,0
383,0
9209,0
233,0
8640,0
5802,0
5168,0
9127,1
229,0
8178,0
48,0
1743,0
4342,1
8844,0
1157,0
2183,0
8624,0
6832,0
4899,1
295,0
7854,0
4002,0
2199,0
2778,0
5162,0
3102,0
7727,0
352,0
7973,0
8449,0
6043,0
1046,1
5720,0
5502,0
8938,0
1386,0
5021,0
8443,0
9155,0
5796,0
8879,0
9031,0
4260,1
4287,1
7420,0
3578,1
5207,0
3182,0
4312,1
3398,0
9754,0
6526,0
4378,0
3971,0
711,0
9173,1
4652,0
3171,1
6169,0
2757,1
1429,0
2240,0
4443,0
8419,0
116,0
6017,0
6429,0
3646,1
8196,0
6004,0
1050,0
5508,0
3296,0
7331,0
4221,0
5926,1
4352,0
2668,1
4983,0
3961,0
7453,1
422,1
6096,0
7207,0
3083,1
7647,0
6225,0
8225,1
8074,0
1002,0
4318,0
2849,0
5221,0
7846,0
2409,0
1311,0
3358,1
604,0
7303,0
9125,1
3589,0
6556,1
6493,0
8277,0
555,1
479,0
96,0
2091,0
8630,0
3746,1
3415,1
3562,1
6904,0
4491,0
5696,0
5923,1
7523,0
3121,0
4718,0
8085,0
6291,0
5375,0
9993,0
6889,0
7349,0
9729,0
9392,0
5870,0
1839,0
8497,0
1312,1
6579,0
9615,1
1800,0
614,0
7706,0
5890,0
7001,0
2390,0
9220,1
3837,0
7916,0
5464,0
7834,1
7366,0
1327,0
1166,0
397,0
8859,0
572,0
2520,1
8212,1
6377,1
886,0
8629,0
4818,0
5886,0
5648,0
3495,0
7189,0
9451,1
4409,1
9629,0
8564,0
8904,1
3810,0
7389,0
6378,1
3526,0
7032,0
9097,0
4374,0
2748,1
8919,0
8734,1
9536,1
3164,0
7945,0
2915,1
813,1
4721,0
9646,1
7359,0
482,0
5130,0
6453,0
9329,0
574,0
1444,0
7544,0
6417,0
4886,0
9482,1
5409,0
5762,0
8262,0
8345,0
9799,1
3482,0
8525,0
9532,0
1061,0
9639,0
6055,0
5364,0
2347,1
8866,0
2379,0
9282,0
5889,0
5376,0
4269,0
1102,0
2357,0
4552,0
3909,0
1432,0
3720,0
9777,0
4723,0
540,0
547,0
8390,1
9988,0
9207,1
9034,1
3246,1
2334,0
5034,0
7496,0
6920,0
2719,1
6739,0
7399,0
3726,1
5001,0
3137,1
2522,0
7934,0
9484,0
7731,1
4804,0
508,0
1570,1
3371,1
8400,0
5522,0
2706,0
7137,0
5426,0
8982,0
8324,0
8906,0
3871,0
7739,0
8094,0
8103,1
5680,1
3162,0
6577,0
9283,0
754,0
7625,0
7978,0
1585,0
5734,0
424,0
852,0
8179,0
5787,0
9778,0
77,0
258,0
4149,0
9825,1
2634,1
2108,0
9570,0
8289,0
4485,0
2058,0
7969,1
339,1
7738,0
3523,0
9714,0
919,0
1937,0
1078,0
9877,1
9721,0
6815,0
9466,1
6949,0
9074,0
7851,1
2385,0
147,0
1785,0
1065,1
4950,0
6879,0
2315,0
3006,1
9325,0
3963,0
5990,0
8125,0
6611,0
1897,0
4657,0
8518,1
3748,0
3924,0
524,0
9796,0
5068,0
6736,1
9515,0
2851,1
8131,0
6898,0
9869,0
7811,0
7387,0
7240,0
7015,0
8887,1
6518,1
2527,0
759,0
7803,0
9736,0
4094,0
6646,0
3552,0
9052,1
8163,1
384,0
7968,0
1711,0
4038,1
5328,0
6270,0
769,1
6786,0
838,1
6845,0
311,0
4976,0
8335,0
7156,0
2333,0
8605,0
8690,0
4917,0
4832,0
5272,1
757,0
4650,0
7258,1
3343,0
3432,0
251,0
7871,0
7016,0
5142,0
9645,0
8535,1
9244,0
283,0
9025,0
3110,1
23,0
3631,0
4759,0
4236,0
1917,1
2964,0
3144,0
7681,1
7293,0
8663,0
7381,1
3082,1
8185,0
4521,0
771,0
184,1
8966,0
5619,0
3553,1
4379,0
9332,1
201,0
683,0
3318,0
1469,1
6922,0
4202,0
8000,0
7936,0
1267,0
4640,1
3202,0
9277,0
8045,0
7427,0
1093,0
1519,1
2591,0
4742,0
3345,0
9901,0
8420,0
4380,1
7433,1
3777,0
9742,0
3601,1
1143,0
8680,1
7970,0
1243,0
5294,0
3516,0
5055,0
9991,1
5541,0
5489,0
5744,0
8430,0
5246,0
7519,0
8158,0
8668,0
8872,0
5210,0
5939,0
7723,0
317,0
9917,1
5878,0
9295,0
5621,0
1306,1
7638,0
2671,0
7606,0
4314,0
8166,0
1467,0
6669,1
8585,1
6336,0
2437,0
3819,1
5044,0
1913,0
7346,0
6837,0
1599,0
4882,0
1195,0
8361,0
1005,1
3106,0
5584,0
6135,0
8084,0
4659,0
1011,0
8869,0
7783,1
3966,0
6452,0
7333,0
6084,0
4605,0
3502,1
5974,0
8145,0
5226,0
4348,0
1914,0
6159,1
8020,0
6792,0
1381,1
1433,0
1503,1
1883,0
1515,0
5347,1
9909,0
2467,0
3309,0
5539,0
4960,0
3928,0
7497,0
9925,0
484,1
4972,0
2831,0
4582,0
4907,0
4209,1
182,0
306,1
796,0
7531,0
7777,0
3537,0
1286,0
8616,0
2909,0
3327,0
2025,0
8267,0
8826,0
5965,0
8676,0
3205,1
8279,0
7573,0
505,0
2827,0
698,0
972,0
953,0
6880,0
4272,0
662,0
8241,0
4,0
2523,0
4631,0
1459,1
7904,0
1788,0
2476,0
7369,0
3496,0
5937,0
5631,0
3067,0
5575,0
9633,0
3592,1
8896,0
7382,0
5179,0
8217,0
380,0
2277,0
5626,0
2046,0
9802,0
1848,0
8224,0
6461,0
991,0
350,0
1373,1
4065,0
4150,0
6723,0
9196,0
5067,1
2901,0
8391,0
7279,0
9928,0
5906,0
6349,0
4843,0
1395,0
3738,0
323,0
7617,0
1755,1
6727,1
3784,0
684,0
9932,0
9878,0
3603,1
1624,0
8015,0
5515,0
6382,0
562,0
6624,0
1020,1
3932,0
1092,1
2337,0
5174,0
4602,0
2943,0
7084,1
4295,1
6696,0
6700,0
3356,0
1017,0
6882,0
1194,0
4050,0
5963,0
6488,0
908,0
3341,0
4541,0
7044,0
3638,0
5638,0
4330,0
3640,0
5111,0
3212,1
7206,0
5036,0
2754,0
2275,0
8673,1
3688,0
4801,0
3925,0
6729,1
4429,1
2341,0
2051,0
6411,0
7396,1
6432,0
636,0
3722,0
4437,1
7911,0
235,1
3608,0
1378,0
6751,1
1850,0
337,0
5393,0
7116,1
8065,1
7504,1
3181,0
6048,0
4422,0
8448,1
9696,0
6533,0
2540,1
73,0
8175,0
952,0
9600,1
1357,0
9093,0
9201,0
6651,0
6644,0
113,0
8714,0
3499,0
2059,0
5987,0
3420,0
803,0
7997,0
125,1
6118,0
7481,0
5200,0
4336,1
4256,0
6810,0
169,0
7919,0
5862,0
5433,0
4999,0
7078,0
1749,1
7835,0
1633,0
6178,0
705,1
3453,0
554,0
200,0
8801,1
2136,0
2992,0
3271,0
3017,0
1314,1
8090,0
316,1
9631,0
7509,0
4553,0
8220,1
9433,0
7200,0
8495,1
1362,0
4102,0
5396,0
2789,1
7637,0
1081,0
1142,0
7923,0
74,0
5612,0
2230,0
2294,0
5738,0
844,0
8951,0
8370,0
1084,0
6840,0
7166,0
4782,0
5324,0
6753,0
5852,0
7558,1
963,1
6155,0
802,0
9096,0
28,0
3112,1
6847,0
858,0
6153,0
1465,0
4052,0
5679,0
8911,0
7379,0
2733,0
4880,0
1881,0
3774,1
7054,0
8061,0
7367,0
6863,0
2672,0
1991,0
1296,0
4018,0
2511,0
5286,0
2612,0
5881,0
1363,0
2470,0
6440,1
6036,0
5799,1
393,1
2129,0
3627,0
6714,0
1245,1
8083,0
6199,0
7101,0
7716,0
1964,1
9806,0
437,0
5695,0
6625,0
9509,0
2124,1
5536,0
7135,0
1336,0
289,0
9520,0
1729,0
9485,0
6046,0
4092,0
3510,0
7838,0
6848,0
7664,0
5035,0
6710,0
6165,1
8789,0
5711,0
7642,0
878,0
8748,1
1703,0
6168,0
1026,0
2388,1
9712,0
6236,0
7872,0
5407,0
7068,1
7974,1
5812,0
6820,0
7575,0
4363,0
4647,0
1948,0
3982,1
4733,0
351,0
5219,0
5261,0
4557,0
3750,0
7757,0
2326,0
2447,0
5948,0
2119,0
8566,1
2708,0
6811,0
8972,0
2725,0
5386,1
652,0
9972,0
7710,0
4466,0
3243,0
8248,0
303,0
1156,0
3141,1
3848,0
6228,0
2367,1
7365,1
8757,0
5976,1
5405,0
7788,0
7202,0
9374,0
2427,1
7775,0
6690,0
2297,0
442,0
120,0
1277,0
1815,0
9226,0
1625,0
2574,1
6692,0
938,0
2579,1
7545,0
9561,0
4404,0
7577,0
6817,1
3560,1
7356,0
8089,0
6100,0
9537,0
4439,0
3031,0
5318,0
3747,0
1383,0
8787,0
3728,0
2770,0
5992,0
1595,0
7616,0
6456,0
8315,0
9412,0
7888,0
7275,0
1644,0
1654,0
4829,0
5910,0
7878,1
2033,0
2961,0
9503,0
1187,1
2509,1
7688,1
6511,1
4743,0
2068,1
6884,0
9421,0
3465,0
53,1
5925,0
7683,0
6819,0
8442,0
3699,0
5982,0
7129,0
1242,0
318,0
7319,0
3984,0
76,0
8524,0
4632,0
7937,1
951,0
8510,1
2792,0
9077,0
4165,0
6069,0
9741,0
1474,0
2363,0
3857,0
6718,0
6117,0
7383,1
6807,0
6748,0
5147,0
227,1
5527,0
1661,0
5350,1
7377,0
1963,0
6944,0
5806,0
7634,0
6605,0
410,0
4668,0
930,0
3767,0
1902,0
2657,0
8620,0
3383,0
2702,0
8471,1
5481,1
3149,0
2864,0
2217,0
6329,0
4660,0
3290,0
6369,0
5042,0
596,0
8562,1
9270,0
67,0
6375,1
629,0
4638,0
195,0
7949,1
4055,0
5003,0
7223,1
2838,0
8038,0
1305,1
448,1
1399,0
8236,0
1889,0
1635,0
5285,1
969,0
2695,1
6688,0
6245,0
7000,0
8829,0
5257,0
9248,0
623,0
8527,0
8892,0
3427,0
8533,0
1695,0
27,0
3279,0
1587,0
9522,0
4682,0
3103,0
1844,0
9304,0
5016,0
3953,0
7165,1
9710,0
6891,1
2892,0
1760,1
4246,0
1742,1
3702,0
6464,1
5004,1
280,0
336,0
8948,1
6899,1
9357,1
587,0
7321,0
9590,0
9620,0
5692,0
6467,1
6794,0
3843,1
7372,0
8112,0
5512,0
9157,0
1322,0
841,0
3864,0
5772,0
3429,1
9611,0
6085,1
4442,0
3295,0
4114,1
5731,1
6401,0
989,1
7247,1
6032,0
747,0
2109,0
6928,1
7089,0
1521,0
2413,0
5745,0
1576,0
2560,1
3917,1
4004,0
7286,0
7987,0
244,0
5233,1
9985,0
5652,0
5791,1
6357,0
8569,0
4180,0
5247,0
730,0
4458,0
2443,0
6788,0
5657,0
2698,1
5952,1
9617,0
5678,0
5668,1
7143,0
3790,1
22,1
4599,0
8062,1
7505,0
5946,0
3791,0
5013,1
175,0
4396,0
9508,0
439,0
8050,0
8444,0
8142,0
9704,0
8786,0
7429,0
1572,1
3155,0
1929,0
7432,0
2123,0
3265,0
3683,1
9785,0
9605,0
5857,1
3191,0
4478,0
2980,0
4148,0
9945,0
32,0
9250,0
4235,0
8133,0
5500,0
5421,0
4992,1
7901,0
1141,0
8795,1
889,0
8929,0
89,0
1662,0
3023,0
685,1
774,1
3823,0
2546,1
4540,0
3579,0
5059,0
6373,0
2783,0
2158,0
9668,0
4595,1
5589,1
634,1
4538,0
818,0
1951,1
9496,0
9670,0
5782,0
8067,0
1614,0
1603,0
7148,0
1121,0
9659,0
1580,0
2113,0
2206,0
3073,0
2809,0
8950,0
1903,0
9345,0
1180,0
1512,0
4959,0
245,1
8313,0
9463,0
3803,1
1511,0
7262,0
4924,0
315,0
173,0
3033,0
6025,0
5920,0
820,0
9242,0
5192,0
8283,0
3536,0
3374,0
1280,0
5374,0
1110,1
206,1
3724,1
6064,0
4459,0
6670,0
7122,0
4788,0
7324,1
1968,0
3087,0
3266,0
4218,1
3590,0
8998,0
4371,1
6650,0
3881,0
1348,0
7233,0
8751,0
1543,0
7763,0
5599,1
9350,0
8877,0
1178,1
8603,1
688,1
7686,0
5962,1
3113,0
8354,0
5475,0
7953,0
8686,0
2934,1
4311,1
367,0
7254,0
9061,0
204,0
2924,0
1071,0
78,0
5139,1
1541,0
6466,1
6939,0
3973,0
9313,0
9143,0
3336,0
8359,1
3015,0
276,1
1284,0
2571,0
9439,0
9803,0
4756,1
2749,0
4991,0
141,0
863,0
8712,0
3593,0
5816,0
5947,0
541,0
3515,0
6602,0
3163,1
1091,0
7230,0
123,0
5501,0
8591,0
1400,0
4397,0
6157,0
1560,0
8828,0
7734,0
4107,1
8662,1
2111,0
7960,0
5319,0
2692,0
2925,0
7758,0
7462,0
320,0
1718,0
4547,1
4328,0
2769,1
1172,0
329,0
2100,0
9731,0
5260,0
823,1
7350,0
3931,0
8724,0
9179,0
5089,0
3604,0
3157,0
3918,0
2053,1
6400,0
197,0
2049,1
7357,0
1805,0
3059,0
2815,0
7494,0
3828,0
9672,0
9340,0
1942,0
2321,0
7344,0
4040,0
4633,0
9634,0
6439,1
2311,0
1833,1
6304,0
9505,0
8504,1
7771,0
9440,1
9946,0
635,0
503,0
3670,0
8500,0
236,0
4284,0
5698,0
9770,1
5232,1
9377,0
3833,0
9549,0
408,0
2490,0
960,0
3403,0
3192,0
2785,1
1492,1
8105,1
2071,0
9480,0
8325,0
7487,1
782,0
586,1
4104,1
5090,0
5039,0
7201,1
8498,0
944,0
5483,0
6745,0
7657,0
2073,0
3892,0
6469,0
6945,0
2081,0
3004,0
4559,1
214,0
1796,0
4795,0
836,0
874,0
4494,0
2368,0
3870,0
7066,0
3990,0
6107,0
1021,0
3450,0
3441,0
3689,0
2630,0
8099,0
9513,1
2644,0
7024,0
3394,0
9,0
6699,0
300,0
3,0
4091,0
561,0
213,0
2366,0
9142,0
3360,0
9751,0
4464,0
6396,0
1700,0
9660,0
3511,0
2074,1
5092,1
5921,0
8468,0
9447,1
1647,0
8017,0
7460,0
6599,1
2225,0
8227,0
7242,1
9693,1
6654,0
1552,0
2392,0
3362,0
177,0
1330,0
9481,0
5945,0
8415,0
2103,0
3844,0
8970,0
2898,1
1168,0
9249,0
9583,0
2182,0
5556,0
6681,0
5041,0
3704,0
6290,0
1554,0
3097,0
20,0
1926,0
1821,0
1776,0
6541,0
9640,0
6522,0
7008,1
3542,0
9743,0
3299,0
8033,0
1542,0
6492,0
3602,0
7687,1
6617,0
6570,0
7808,1
7855,0
4280,1
2502,0
6929,1
9090,0
8353,1
9171,0
4471,1
6783,0
4548,1
7220,0
6691,0
8988,0
966,0
2382,0
9040,0
9978,0
2145,0
6318,1
9389,0
7690,0
1490,0
4322,0
548,0
716,0
7748,1
5714,0
5107,0
2508,0
5132,0
872,0
7087,0
9974,0
9251,0
8255,0
2312,1
2428,0
5863,0
5654,0
6878,1
9139,0
5341,0
9967,0
4131,0
7988,0
781,0
193,0
4212,0
7261,0
1649,0
6229,0
5855,1
5397,0
1682,0
7127,0
5503,0
3786,1
1922,1
9369,0
1064,0
1249,0
7801,1
3449,0
2845,1
3114,1
1346,0
4560,0
1545,0
8780,1
3414,0
748,0
1629,1
8559,0
8096,0
9035,0
3740,0
4625,0
9587,0
5755,0
9879,1
7639,0
3761,0
1247,0
2118,1
672,0
2208,1
2227,0
6152,0
8785,0
6740,0
926,0
3387,0
2374,0
5876,0
8173,0
2099,0
9039,0
2728,0
3301,0
9807,0
6074,0
1174,1
4386,0
7458,0
6034,0
1679,0
9746,0
2285,1
974,0
8333,0
7773,1
1182,1
7555,0
8687,0
5245,0
4039,0
9885,0
1736,0
9706,0
5094,0
9453,0
568,0
7526,0
3219,0
690,0
9827,0
2853,1
5276,0
6276,1
1683,0
7569,0
5675,0
7398,1
3831,0
1045,0
7726,0
8743,0
9641,0
7759,1
4173,0
1652,0
6865,0
2577,0
5098,0
8066,0
6575,1
24,0
8269,1
1938,0
4062,1
8848,0
1641,0
5973,0
3193,1
6398,0
4615,0
9820,0
2863,0
435,0
1775,0
51,0
8723,1
8268,0
5172,0
5124,0
209,0
5290,1
8503,0
3076,0
5230,0
3841,1
5749,0
9512,0
2709,0
2284,0
4780,0
7820,0
7352,0
5256,1
8261,0
5101,0
3770,0
2052,0
4634,1
6800,0
1498,0
3194,0
2143,0
8004,0
6668,0
162,0
5015,0
7905,0
7954,0
1244,0
5250,0
3669,0
4416,0
5994,0
3481,0
1130,0
9888,0
2084,1
7654,0
7304,0
1959,0
4656,0
2355,1
9506,0
1135,0
6195,0
4431,0
4048,0
2812,0
5070,0
461,0
3424,0
7049,1
6477,0
8825,1
4796,0
7948,0
2573,0
3521,0
8931,1
2436,0
7814,0
5022,0
8891,0
7048,0
1392,0
3342,0
4791,0
2599,0
9341,0
8496,0
4711,0
440,0
9760,0
6399,1
2586,0
9578,0
9476,0
7713,0
2988,1
8455,0
2480,0
2887,0
7323,0
4508,0
7493,0
4278,0
9403,0
4301,0
500,0
4331,0
8623,0
2529,0
8976,0
1132,0
5966,0
8417,0
8228,0
605,0
2317,0
8729,0
6410,0
9930,0
5985,0
7263,0
4427,0
1226,0
3263,1
1310,0
3780,1
9603,0
1231,0
4841,1
9080,0
8332,0
899,0
1460,0
8397,1
4503,0
3261,0
9152,0
9351,0
9864,0
9129,1
9855,0
1974,0
9501,0
3440,1
2513,0
9307,0
1853,0
5951,0
8516,0
8609,0
2797,0
3211,0
4249,0
5710,0
4766,0
7038,0
3855,0
3849,0
1754,0
9352,0
5343,0
9711,0
8352,1
493,1
3188,0
519,0
4185,0
9324,0
9527,1
7929,0
406,1
2575,1
676,0
8987,0
9773,0
6212,0
2899,0
4271,0
5348,1
6842,0
7507,1
9575,0
3273,1
4623,0
6951,1
8149,0
2745,0
6258,0
2048,0
7190,0
1536,0
6936,0
1353,0
6805,0
8136,0
5202,1
7468,0
2168,1
3776,0
6632,0
1530,0
9045,1
7733,1
2241,1
4279,0
1611,1
362,0
5781,0
5317,0
752,0
678,0
2162,0
7463,0
5439,0
4074,0
2102,0
80,0
1008,1
4139,0
2622,0
4457,0
5625,0
3696,0
8981,0
4692,0
4784,1
333,1
1984,0
1831,0
7627,0
90,1
6909,0
1430,0
8226,0
7579,0
1768,0
1360,0
7665,0
8843,0
2840,0
2965,0
7607,0
7145,0
4800,0
5832,0
8530,0
2776,0
7924,0
5929,0
5795,0
5058,0
2028,0
8567,0
6198,0
2642,0
6592,0
4294,0
4773,0
7423,0
5486,0
1300,0
481,0
11,0
5419,1
2685,0
9544,0
4353,0
5027,0
5713,0
9884,1
8034,0
8281,0
6983,0
7613,0
1706,0
3258,0
8831,0
8189,0
8003,1
2944,0
9787,0
5411,0
7967,0
2779,0
940,0
8649,0
6124,0
4468,0
3760,0
9994,0
7289,0
5701,1
8470,0
8100,0
502,1
5941,0
1840,0
5785,0
7210,0
2977,1
9574,0
5281,0
2314,0
5585,0
265,0
786,0
1434,0
279,1
5887,1
3945,0
4303,1
4194,0
9022,0
2496,0
7161,0
5476,1
3254,1
1291,0
7045,0
791,0
5423,0
5596,1
9299,1
1077,0
7979,0
9446,0
5803,0
1891,0
6339,0
3677,0
4786,0
8059,0
946,1
7011,0
1714,0
8651,0
600,1
9234,1
6583,0
9117,0
4264,1
4728,0
5723,0
7881,0
647,0
4495,0
2888,0
6655,0
4512,1
3710,0
5242,1
1659,0
2645,0
1,0
4141,0
3019,0
616,0
7694,0
8681,0
7553,0
84,0
3575,0
9791,1
7417,0
2017,0
8122,1
1670,1
794,0
7274,0
4916,0
7152,1
4189,0
2160,0
1466,0
1059,0
9658,0
9929,0
9344,0
1756,0
8807,1
8231,1
2900,1
1079,0
6083,1
8222,0
3027,0
2170,0
5726,0
1843,0
5590,0
5664,1
495,0
5775,0
851,1
2492,1
1972,0
6500,0
2861,0
6183,0
4373,1
5223,0
9699,0
6946,0
6854,0
5074,0
6822,0
8002,0
230,0
9436,0
2098,1
8199,0
6123,0
3701,0
6872,0
8587,0
5472,0
1593,0
918,0
1255,0
3913,1
1298,0
639,0
7296,0
4323,1
9719,1
5566,0
1855,1
3012,0
7511,0
8384,0
8250,0
1910,0
3815,0
7525,0
2913,0
5182,1
1696,0
7749,1
3908,0
5895,0
6615,0
3622,0
7572,0
6531,0
3785,0
9595,0
2717,0
8541,0
9526,0
5916,0
1055,0
8200,1
7884,1
8120,0
7863,0
7831,0
4764,0
2877,0
6372,0
7466,0
239,0
3474,0
4231,0
4161,0
4056,0
3506,0
9274,0
9495,0
3679,0
9478,1
738,0
6862,0
3405,0
1619,0
5840,0
1365,1
4651,0
7781,0
1921,1
7017,1
2772,0
1418,0
6849,0
3665,0
7847,0
6497,1
8350,0
8308,0
7740,1
5251,0
1808,0
9519,0
1901,0
191,0
9794,0
6776,0
3324,0
1803,0
3874,0
9980,0
1415,0
3089,0
7809,1
6179,0
81,1
998,0
6273,1
5880,0
8063,0
5633,0
2715,0
9882,1
905,1
6246,1
5447,0
7750,0
3503,0
7538,0
3395,0
7620,0
8177,0
1856,1
3256,0
839,0
772,0
2114,0
445,0
2730,0
2894,0
4685,0
6600,1
434,0
2828,0
1877,1
2000,0
9558,1
2029,0
7869,1
1784,0
1451,0
6078,0
2759,0
2562,0
6806,0
549,0
834,0
9033,0
9577,1
8165,0
4177,0
2483,0
6227,0
7096,1
6310,0
7512,0
2973,1
2984,0
4181,0
3126,0
1475,0
2012,0
6814,0
3485,1
1602,1
7147,0
6484,0
5463,0
6091,0
210,0
8256,0
8802,0
2491,0
9419,0
2177,0
3686,0
8057,0
3599,0
5355,0
2635,0
6895,1
2298,0
827,0
5131,0
6424,1
766,0
5518,0
1522,0
8239,0
1088,0
3400,0
3775,0
5063,0
4590,0
3962,0
211,0
8016,0
4300,0
5511,0
1892,0
675,0
7041,0
9782,0
6224,0
6604,0
9343,0
729,1
5197,0
9383,0
8528,0
4808,0
6128,0
6361,0
328,0
9556,1
980,0
9756,1
1763,0
6076,0
1256,0
6673,0
9949,0
775,0
7682,0
2499,1
6672,0
699,0
4516,1
7130,0
5306,1
1773,0
9883,0
2323,0
4298,0
897,0
4480,0
5893,0
5644,0
7539,0
4000,0
6279,1
2454,1
2133,0
8476,0
6925,0
8483,0
8234,1
8426,0
3807,0
7721,0
3042,0
8349,1
8713,0
1787,1
325,0
4545,0
6763,0
2328,0
3344,0
7696,1
1153,1
4317,0
9937,0
1368,0
7290,0
741,0
1151,0
1051,0
9596,0
3436,0
5224,0
9694,0
8481,0
1047,1
8056,1
9106,1
8095,1
8697,0
3052,0
1720,0
5767,0
4823,0
1862,1
3915,0
1939,0
8130,0
3637,1
18,0
6576,0
49,0
7548,0
7946,0
7007,0
1726,0
1724,0
8943,0
5367,0
9955,0
7667,0
6475,1
2824,0
9361,0
7393,0
5715,0
6266,0
2035,0
4393,0
5327,0
8341,0
6974,0
5636,0
9858,1
174,0
5996,0
6589,0
5284,0
1000,0
8537,0
1145,0
1019,0
2957,1
4506,0
9115,0
1643,0
8657,1
8908,0
1177,0
3138,1
5326,1
1577,0
3987,0
3389,1
1584,0
682,0
6897,1
4066,0
4900,0
9905,1
7761,0
822,0
6955,0
2354,0
4244,0
1494,0
6640,0
9359,1
6520,0
7653,1
697,1
1090,0
4945,0
1566,0
353,0
7633,1
2929,0
5792,0
413,1
1115,0
673,0
6643,0
6900,0
6274,1
1516,0
5140,0
3956,0
7767,1
5338,1
6346,1
7459,0
9156,1
9856,1
1483,0
3016,0
4063,0
9628,0
5843,0
5955,1
8192,0
5900,0
9109,0
3693,1
1531,0
9872,0
1239,0
4701,0
3275,0
7354,0
5048,0
7291,1
3993,0
3437,0
795,0
4837,0
6554,0
7675,0
5084,0
713,0
3884,0
1642,0
8286,0
417,0
6305,0
5513,0
1809,0
8195,0
8536,0
8437,0
2651,0
8387,0
3586,0
1941,0
1131,0
6953,0
1933,0
7666,0
8373,0
8453,1
4008,0
6846,0
8698,0
8124,1
8243,0
1089,0
1414,0
6903,0
3781,0
1140,1
2404,1
8598,0
5493,0
2528,0
9992,0
3850,0
5835,0
7533,1
6958,0
4424,0
1161,1
9408,0
3174,0
5609,0
8792,0
9008,1
2362,1
602,0
857,0
9593,0
845,0
1408,0
8995,0
1879,0
5127,1
5571,1
4058,0
4681,0
2631,0
8619,0
6514,0
2305,0
5049,0
4007,0
4812,0
7819,0
4926,0
1598,1
3799,0
9015,0
8738,0
4525,0
3839,1
7176,0
4130,0
9569,0
3802,0
7933,0
2596,0
8477,1
4670,0
1270,0
6226,1
5902,0
2945,1
8905,0
2107,0
4833,0
8489,0
3617,1
6919,0
1185,0
9108,0
3903,0
2927,0
1579,0
6888,0
107,0
391,0
8768,1
6143,0
6674,0
7614,0
6262,1
4840,0
3559,1
7212,1
1869,0
1485,1
3923,0
8169,0
7110,0
7576,0
7249,0
1571,0
112,0
6476,0
1056,0
9652,1
4169,0
4076,1
3794,0
7229,0
7880,0
5797,0
7072,0
3431,0
2453,0
6379,0
6301,0
7195,0
694,0
9757,0
8052,0
2691,0
6659,0
2228,0
7528,0
7473,0
579,0
9817,0
7241,0
7730,0
773,0
4580,0
3894,0
2410,0
4105,0
5490,0
250,0
6764,0
2761,0
1176,0
3375,1
544,1
9328,0
3902,1
2260,0
7513,0
3312,0
9690,1
9334,0
7248,1
5829,0
2681,0
7704,0
6013,0
1422,0
8393,1
8884,1
5320,0
1035,0
2600,1
4487,0
9671,0
5658,1
4712,1
4957,0
5868,0
1449,0
4013,1
9528,0
3030,0
1058,0
1208,0
9189,0
8436,0
4648,1
9430,0
124,0
3020,0
4191,0
3571,0
7857,0
9486,0
3778,0
7621,0
5550,0
2674,0
3660,0
1669,0
5883,0
4891,0
2518,1
7628,0
9621,0
5524,0
5606,1
9150,0
581,1
2822,0
3292,0
4101,0
3636,0
2235,1
5029,0
5353,1
4179,0
224,1
5026,0
4356,0
8474,0
7030,0
1389,1
3066,0
7250,0
8771,0
5570,1
1719,0
2222,0
3517,0
4277,0
4935,0
3958,0
9232,1
612,0
2626,0
6524,1
4262,0
9772,0
9986,0
1257,0
2954,0
1915,0
4747,0
1146,0
1438,1
401,0
3919,0
9146,0
9940,0
4029,0
506,0
869,0
158,0
6923,0
8791,0
1419,0
3838,1
4355,0
3681,1
2201,0
6053,0
5095,0
4674,0
5078,0
7374,1
6487,0
1864,0
9931,0
3623,0
1413,0
5777,0
6219,0
1791,0
1120,0
7982,0
5798,0
6414,0
3240,1
3732,1
3861,1
2620,0
6537,0
6870,0
1735,0
9288,0
9582,0
7163,0
7718,1
19,0
894,1
7192,0
8756,1
9474,0
8852,0
6358,0
1568,0
3996,0
9032,0
5997,0
4898,0
1733,0
3727,1
7347,0
3081,0
9465,0
9666,0
6197,1
340,1
5551,0
9635,1
4630,0
4949,0
785,0
1307,0
8288,0
1111,1
1087,0
1966,0
9236,0
902,0
4351,0
465,0
8278,0
3404,0
8348,1
399,1
8934,0
7722,0
578,0
4421,0
3237,0
3576,0
3756,0
6631,0
1854,1
1384,1
1993,1
5293,0
6529,0
4428,0
7797,0
8900,0
3635,0
9535,0
2031,0
361,1
720,1
5918,0
8597,1
7772,1
167,0
4217,1
1443,1
246,0
5425,0
9281,0
4554,0
8971,0
7990,0
2290,0
5706,0
8797,0
368,0
5891,0
8402,1
5504,0
9204,0
150,0
3476,1
7416,0
255,0
9998,1
2609,0
3461,0
6916,0
3797,1
3992,0
5400,0
6354,1
4860,0
2308,0
7031,1
8851,0
2889,0
5770,0
1450,1
8193,0
8760,0
4703,0
8552,0
2287,0
1747,0
1424,1
848,0
7232,0
5322,0
102,0
4479,0
4147,0
8048,0
9859,1
8305,1
5171,0
9747,1
9726,0
7168,0
3885,1
4297,1
9454,0
4857,0
7578,0
7804,0
664,0
2890,0
4567,0
9335,0
9739,0
5030,0
6722,0
1762,0
8691,0
4436,0
7119,0
793,0
9606,0
3463,1
4237,0
5543,0
3629,0
2396,0
494,1
7821,0
5858,1
8026,0
9790,0
5415,0
61,0
8329,0
4938,0
6166,0
9663,0
6491,0
4489,0
577,0
7832,1
5735,0
2057,0
1667,0
414,0
4054,1
2795,0
5765,0
8570,0
4707,0
4613,0
9406,0
9021,0
6045,0
7267,0
2110,1
5685,1
9263,0
4234,0
388,0
6132,0
627,0
9943,0
1112,0
3038,0
2669,0
8682,0
3671,0
3069,1
9933,0
5344,0
341,0
2558,0
4961,0
2063,1
3229,1
4078,0
4009,0
6271,1
1563,0
9910,1
7474,1
7164,0
2264,0
1495,0
1557,1
2848,0
8870,1
4628,0
3433,0
2243,1
1872,0
3757,0
1343,0
1405,1
9452,0
1042,1
8041,1
2261,0
8291,0
8480,0
2211,0
2358,0
2931,0
5980,0
8913,0
59,0
9461,0
7472,0
253,0
4805,0
4321,0
1407,0
6015,0
3821,0
2582,0
8977,0
8168,0
5953,0
6525,0
5313,0
3109,1
7413,0
7672,0
6535,0
5743,0
376,1
6177,1
6370,0
2156,0
5453,0
2949,0
2202,0
2256,0
3249,0
978,0
6754,0
111,0
4362,0
1163,0
8487,0
7404,0
1618,0
6106,0
3035,1
5629,0
4289,0
7448,1
63,0
1527,0
5554,0
1675,0
6839,0
5404,0
2926,0
8847,0
3907,0
9007,0
2438,1
3716,0
5666,1
6680,0
4425,0
8490,1
473,0
8264,0
4012,0
3200,0
7684,0
9886,0
3129,0
9624,1
557,1
6869,1
1772,0
40,0
8299,1
4510,0
9752,0
8854,0
8611,0
8744,1
6927,0
7266,1
9868,0
6351,0
7776,0
6656,0
7595,0
8097,1
3739,0
3101,0
1012,0
5563,0
4392,0
2065,0
7648,0
6016,0
398,0
9222,0
7390,0
8071,1
3134,0
6550,1
986,0
5970,0
373,0
9567,0
4719,1
7218,0
1676,1
1745,0
7444,0
5956,0
8917,0
1770,1
4472,0
9846,0
2556,0
7705,1
2242,0
1427,1
1199,0
36,0
1664,0
7728,0
1946,0
1880,0
7375,0
2479,0
7955,0
4286,0
2161,0
5716,0
7999,0
3745,0
9947,1
532,0
677,1
3456,1
1366,0
3117,0
3184,1
2547,0
8454,0
1234,0
8933,0
9158,0
6612,0
2184,0
2842,1
7237,0
9686,0
2689,1
3582,0
6284,1
1995,0
2583,0
9233,0
7469,0
1539,0
2727,0
2461,0
9524,0
6803,1
4361,1
7106,0
4136,1
9678,0
964,1
9438,1
3600,1
8298,1
4806,0
5469,0
2808,0
8753,0
4910,0
8641,1
9456,0
5578,0
4299,0
5432,0
1976,0
284,0
8652,0
6340,0
1764,0
6067,0
6823,1
6054,1
2018,0
1236,0
181,0
4505,0
3886,0
3556,1
4702,0
2417,0
8925,0
5983,0
5104,0
8656,0
3039,0
8210,0
3214,0
1826,0
6732,0
6539,1
106,0
5549,0
1105,0
1074,0
3859,0
7836,0
9779,0
9005,0
8782,0
2185,0
2159,0
6130,0
7843,1
2398,0
5651,0
3442,0
4384,0
8215,1
2618,0
537,0
8731,0
3649,0
3272,1
7605,0
7859,0
2874,0
5516,0
6510,1
2408,0
8575,0
3334,0
7582,0
5454,0
923,0
8868,0
1473,0
3954,0
4819,0
8800,0
4481,0
2742,0
6343,1
7047,0
6698,0
1440,1
2095,0
4140,0
5838,1
6797,0
88,1
1159,0
2233,0
4556,0
9089,0
8244,0
680,0
9860,0
2641,0
2878,0
309,0
2867,0
1895,0
7794,0
469,0
1455,0
3313,0
9656,0
4763,0
6478,0
419,0
1351,1
4408,0
609,0
4388,0
5125,1
8309,0
6167,0
7586,0
4968,0
9698,0
1192,1
7083,0
1164,0
9472,0
3970,0
3462,0
4402,1
4946,1
9407,0
4530,0
3737,0
527,0
2777,1
8138,0
1801,0
7752,0
4611,0
1253,0
3040,0
1561,0
513,0
7963,0
371,0
5950,1
3619,0
695,0
7810,0
101,0
3547,1
3251,1
7430,0
7437,0
8161,0
467,1
8558,0
9962,1
4023,0
871,1
5452,1
3195,0
5815,0
8423,1
4758,0
8404,0
4570,0
6886,0
2034,0
5766,0
4477,0
8032,0
8435,1
6253,1
3048,0
7455,1
6050,0
6479,1
178,0
9636,1
6056,0
770,1
5557,0
866,0
507,0
3350,0
6285,0
4309,1
4245,0
8577,1
1014,0
7088,1
9715,0
4572,0
4911,1
3472,0
6307,0
8484,1
9191,0
6883,0
3742,0
5169,0
6499,0
9809,1
9623,0
5430,0
2585,0
4070,0
6705,0
8637,0
1793,0
1355,0
2504,0
2726,0
42,0
5774,0
6211,0
8920,0
5289,0
7693,0
8560,0
7280,0
2720,1
7599,1
2144,0
7439,0
1210,1
6115,0
8116,1
9245,0
2289,1
6970,0
5401,0
5779,1
7217,0
9273,0
4288,0
4739,0
5234,1
2249,0
3583,1
2882,0
6774,1
2865,0
8507,0
8927,0
5323,0
4727,0
4266,1
4111,0
3752,0
6097,1
2147,0
9104,1
6457,0
375,0
9360,0
7172,0
9065,0
5641,0
1713,0
9819,1
2232,0
8599,0
4418,0
5017,0
2040,0
7051,0
94,0
2793,0
9768,1
7952,0
6037,0
2602,0
2101,0
2278,0
8425,0
644,1
2142,0
2316,1
1686,0
7611,0
3370,1
4928,0
6731,0
8030,1
2115,1
7724,1
4483,1
2844,0
3835,0
1546,0
9445,1
9948,0
9239,0
2024,1
2986,0
4441,0
1018,1
7194,0
9661,0
9516,0
2510,0
3557,0
8021,0
7451,0
3712,0
5831,1
3262,1
131,0
7270,0
1171,1
8806,0
943,0
1301,0
7899,0
4583,0
6035,0
2319,0
9047,0
8817,0
6486,0
1751,0
4358,0
8646,0
8737,0
82,0
5562,0
1588,0
6390,0
2763,0
9132,0
122,0
3210,0
8240,1
416,1
6761,0
2015,0
4024,0
5561,1
5399,0
4551,1
8314,0
2420,0
5719,0
9685,0
7120,0
8127,1
702,0
9755,0
4305,1
1220,0
514,1
8661,0
4522,0
3567,0
4112,0
7671,1
2498,0
1947,0
8086,0
9591,0
9968,0
7215,0
6969,0
5414,0
489,0
4270,0
498,0
2214,0
2493,0
8180,0
5190,0
5677,0
997,0
5884,0
5413,0
6666,0
9632,0
194,0
9029,0
5220,1
5060,0
9028,0
6795,0
7962,1
7632,0
567,0
138,1
550,0
5201,0
1739,0
3950,0
5208,0
6405,0
1315,0
1340,1
7593,0
7108,0
2262,1
179,1
9342,0
8726,1
4043,0
9553,0
3173,0
4603,0
7900,1
2952,0
1482,0
625,0
890,0
4455,0
1834,0
3549,1
3227,0
4011,0
2457,0
216,0
6864,1
4799,1
6134,0
3682,0
733,1
5875,0
7183,0
9188,0
1639,0
3648,1
800,0
4450,0
8796,0
8941,0
5443,0
3897,0
5979,0
3447,1
3643,0
4398,0
6540,0
6860,1
3032,1
9984,0
7337,1
4446,0
148,0
626,0
1927,0
1203,0
904,1
5800,0
2279,0
2816,0
3822,0
6156,0
2765,0
5565,0
9586,0
7388,0
8833,0
7741,0
6553,1
2050,1
7488,0
8584,0
3232,0
6188,1
6333,0
7371,0
539,1
4205,0
2862,0
7570,1
3866,0
1022,0
3613,0
7307,0
8079,0
3479,0
9459,0
7499,1
6248,0
5786,0
3811,0
5841,1
1612,1
6251,0
7580,1
7994,1
9602,1
1610,0
6315,1
8730,0
3667,0
5670,0
249,1
7568,0
6616,0
4452,1
4861,1
4895,0
3555,1
6420,0
6578,0
7246,0
6029,1
4724,0
6613,0
2541,1
3064,0
7081,0
3580,0
6988,0
6504,0
9426,1
4015,0
2859,0
6994,0
7020,0
6105,0
1847,1
6113,0
6614,0
9651,0
6316,0
6881,0
2587,0
6642,0
3911,0
789,0
2521,0
1538,0
8219,0
3161,0
9387,0
6568,0
5128,0
6172,1
8347,1
6345,0
8553,0
7543,0
9279,0
7134,0
2460,1
2880,1
2221,1
9434,0
3278,0
2567,0
7889,0
4151,1
7029,1
9280,0
1152,0
3225,0
2351,1
9798,0
8799,0
4614,0
5588,0
9763,0
8561,0
1016,0
6283,0
6028,1
1508,0
6737,0
4084,0
7813,1
8114,0
4977,0
7069,0
1067,0
9783,0
483,0
172,1
2530,1
3651,0
4190,0
4195,1
9848,0
4016,0
4848,0
7111,0
651,0
4099,0
7604,1
4103,0
5441,0
3045,0
1919,1
8039,0
8718,1
7658,1
3281,0
1085,1
5118,0
6489,0
6154,0
2948,0
1013,0
1484,0
370,0
7790,0
3976,0
1954,0
5721,1
1098,0
7184,0
4776,0
1752,0
5061,0
6664,0
5637,0
8328,0
2854,0
3118,0
9837,0
5848,0
686,0
4010,0
2007,1
1028,0
1982,0
893,1
3338,0
4414,0
2309,1
9987,0
9766,0
8171,1
2826,0
4884,1
8242,1
5697,0
6408,0
9424,0
1428,0
6384,0
1137,0
6948,1
6260,0
9762,0
3749,0
3827,1
8922,0
5729,0
9376,1
3304,0
7112,0
8667,0
3284,0
1998,0
6756,1
1254,1
5106,0
5971,0
1606,0
6019,0
4579,1
1836,0
1656,0
9290,0
8967,0
7370,0
4296,0
5206,0
3321,0
928,0
7334,0
1804,0
8910,1
1070,1
2922,0
2627,0
139,1
2132,1
6090,0
5977,0
2820,0
7765,0
5014,0
7454,0
332,0
4768,1
3878,0
7615,0
8111,0
9870,0
855,0
1981,0
4263,0
7060,0
5113,0
9836,0
1637,0
29,0
3187,0
9976,0
6233,0
1666,1
2722,0
3245,1
1454,1
1806,0
4696,0
4661,0
2005,1
9732,0
6885,0
8622,0
4846,0
2918,1
5062,0
9010,1
2539,1
8986,0
8709,0
710,0
8674,1
7583,0
2533,0
8488,1
9227,0
6836,0
5461,0
7446,0
5418,0
2356,0
9805,0
9086,0
3346,0
8610,0
8864,0
3808,0
4326,0
6114,1
6772,0
1380,0
8588,0
1169,0
4866,0
898,1
5390,1
4444,0
3675,0
7807,0
2801,0
7603,1
2538,0
9927,0
5368,1
5398,1
9027,0
4678,0
6593,0
4403,1
7154,0
2552,0
1191,0
8642,0
1107,1
4036,1
5601,0
3468,0
6193,0
7537,0
5595,0
6121,0
8407,0
4208,0
4226,0
5358,0
9423,0
4098,0
3340,0
4645,0
2424,0
4947,0
8340,0
6930,0
3355,0
129,0
4019,0
2045,0
8292,0
9680,0
9619,0
7609,0
1906,0
7853,1
6513,0
504,0
3718,0
4110,0
3483,0
9814,0
2798,0
1097,0
4160,0
1200,0
5422,0
1827,1
6557,0
2078,1
6020,0
3434,0
7355,0
8955,1
5809,0
9953,0
6294,0
3900,0
1126,0
7719,0
5119,0
6708,0
3302,0
2507,0
9291,0
3744,1
4760,0
7027,0
5860,0
41,1
6933,0
3714,0
1209,0
5450,0
9118,0
4126,0
653,1
2295,1
7754,1
805,1
5264,1
4088,0
8693,1
4851,0
9311,1
2758,0
4187,0
9840,0
2869,0
7095,1
7662,1
2138,0
3528,0
497,0
7175,0
8746,0
3372,1
3323,0
3293,0
8926,0
669,0
8653,0
6191,0
5053,0
867,1
464,0
402,0
5642,0
977,0
4813,0
1160,1
2006,0
9944,0
9180,0
8106,0
2253,0
157,0
7947,0
2950,0
8857,0
7385,0
5002,1
6079,0
8547,0
9013,0
6441,0
4735,0
4433,0
5514,1
7711,1
1596,0
3626,1
2740,0
847,0
6574,0
6821,1
8174,0
9401,1
924,0
9497,0
5667,0
1281,1
3952,0
7744,0
2440,0
1329,1
7330,0
2970,1
5761,0
8304,0
1397,1
7768,0
3093,0
1687,0
6587,0
3215,0
4049,0
1860,0
1252,0
6308,1
2394,0
118,1
2254,0
706,0
9815,0
2617,1
2112,0
275,0
3352,0
4528,0
6202,0
7272,0
956,0
293,1
3793,1
8022,1
2485,0
6065,1
9272,0
7842,0
7812,0
2835,0
995,0
582,0
1349,0
4449,0
6773,0
3238,1
5659,1
4704,0
957,0
4915,0
3820,0
5801,1
828,0
5227,0
7830,0
171,0
4902,0
8942,0
3049,0
6066,0
7679,0
9367,1
7574,0
2514,0
1124,1
415,0
5819,0
4325,0
3873,0
4918,1
2902,0
592,0
1237,0
6966,0
4201,0
8051,1
7692,0
8710,0
6387,0
2893,0
881,1
3708,0
7265,0
4079,0
4206,1
3508,0
2628,1
8571,0
1461,0
4211,1
4033,1
9880,0
198,0
1173,0
2022,0
135,0
5597,0
5445,0
9822,0
1916,1
4618,0
8501,0
3705,0
6682,0
6779,1
2488,0
8047,0
6201,0
9016,0
1364,0
4419,0
421,0
5834,1
4400,1
783,0
3959,1
7191,0
3421,0
9601,0
8752,0
6317,0
3743,1
5337,1
3652,0
564,0
2172,0
931,0
6127,0
9468,0
8014,0
3332,0
8206,0
4855,0
8073,0
649,0
1217,0
743,1
2338,0
5892,0
7896,0
2788,0
1193,1
6695,0
5931,1
3438,0
837,0
7903,0
8815,1
3639,1
5747,0
470,0
9362,0
691,0
5028,1
369,0
7563,0
1463,0
6657,0
7766,0
3056,0
3185,1
1260,1
5865,0
5778,0
2768,0
444,1
4497,1
6254,0
4958,0
2349,1
2489,0
3729,0
1753,0
6684,1
1533,0
5727,1
9845,0
3267,0
5436,0
62,0
3423,0
7560,0
1273,1
7864,0
8321,0
5209,0
8897,1
1824,0
4749,0
2811,0
2941,0
8526,0
9500,0
3972,0
9135,1
9268,0
5663,0
6896,0
7584,0
4577,0
3796,0
6906,0
1044,0
9256,0
556,0
3814,0
2200,0
8614,0
9793,0
5510,1
6671,0
9024,1
5302,0
87,0
203,1
2173,0
996,0
9835,0
9764,0
1935,0
7915,1
9215,1
8379,1
1491,1
1063,0
2299,0
7921,0
7138,1
7624,0
4302,1
5587,0
1583,1
8940,0
8194,0
3050,1
8793,0
6580,0
3853,0
2105,0
3223,0
2660,0
9318,0
6547,0
5830,0
7717,0
7037,1
8853,1
8883,0
7895,0
1923,1
2411,0
9338,0
2120,1
4460,0
9257,0
7418,0
4622,0
9982,1
4243,1
7870,0
6831,1
4639,0
761,1
7305,0
3625,0
2806,1
8739,0
4089,0
777,1
9316,1
5371,1
8855,0
3877,1
6757,0
7033,0
8836,0
6901,0
4944,0
8989,0
2027,1
8824,0
8939,0
2020,0
5531,0
3385,1
4515,0
5914,0
2092,1
9390,0
3946,0
1678,0
6844,0
6509,0
2526,0
3801,0
5901,0
390,0
2246,0
5702,0
8245,0
3000,0
3396,0
9293,0
5650,0
1259,0
939,0
441,0
6145,0
7133,0
1575,0
6908,0
60,0
1118,0
9906,0
6980,0
6743,1
1607,0
2244,0
7791,0
3500,0
7298,0
3570,1
1730,0
5546,0
3178,0
4914,0
3540,0
987,1
4858,0
5212,1
8531,1
7602,0
5105,1
760,0
2140,0
4461,0
3566,0
6242,0
2705,0
7353,1
8832,0
1261,0
6314,1
9511,0
3001,0
1876,1
5395,0
3524,0
523,0
6892,1
9084,1
2301,0
3846,0
7098,1
6313,0
6261,0
9404,0
6109,1
5474,0
2703,1
1777,0
8409,0
5265,0
3494,0
6473,0
4717,0
130,0
418,0
7160,0
4883,0
5760,0
8589,0
2258,0
474,0
4888,0
1987,1
5470,0
6629,0
1075,0
4948,0
5235,1
8251,0
9169,0
2885,0
2744,0
6200,0
4601,0
3967,0
5144,0
4254,0
3914,0
4224,1
4964,1
1841,0
8861,0
1528,0
6447,0
4531,0
3098,0
2004,0
8424,1
6789,0
4644,0
7840,0
1374,0
8645,0
833,0
3991,1
3573,0
5238,0
9788,0
9707,0
3120,0
9950,0
5225,0
2180,0
7475,0
1290,0
5252,0
321,0
2975,0
8703,0
6954,0
1781,0
1858,0
5312,0
1680,0
2455,1
3480,1
5263,0
2152,1
3999,0
324,0
4666,0
8621,0
5784,0
5958,0
343,0
4387,0
9095,0
5776,1
6841,0
6088,0
8389,0
9317,1
3080,0
1631,1
1807,1
3783,1
8044,1
681,0
3077,0
3065,0
3491,0
7608,0
1885,0
3751,0
2380,0
9443,1
8615,0
4862,0
8405,0
3836,1
57,0
3206,1
431,0
8548,0
3965,0
6620,0
1708,0
6206,0
240,0
2737,0
8253,1
9487,0
6435,0
3470,0
242,0
5006,0
1578,0
5673,0
4192,0
1318,1
7829,0
6597,0
8705,0
8845,0
945,0
2656,0
3906,0
1502,0
2873,0
1651,1
9975,1
4940,0
387,0
2897,0
8747,0
4626,0
7010,0
9149,0
2001,0
8082,0
4716,0
5999,0
9559,0
2370,0
7636,1
7102,0
4629,1
4748,1
8270,0
510,0
6824,0
7219,1
8794,1
3912,0
9492,1
5576,1
9398,0
3938,1
873,0
9644,0
6658,1
3329,0
4532,0
9610,0
2817,0
7153,0
8472,0
2313,0
8991,1
9599,0
8774,0
8132,0
4488,0
1874,0
880,1
2930,0
8810,0
5969,0
7995,0
9289,0
8312,0
5273,0
2188,0
2441,0
8272,0
2687,0
8965,0
5807,0
3145,1
3730,0
4252,0
1129,1
9269,0
9043,0
4198,1
2090,0
6528,0
9517,0
9217,0
9488,0
9363,0
9275,0
8319,0
6738,0
2912,1
3391,0
8814,0
6530,0
4688,0
7619,0
5458,0
2245,1
2016,0
7042,0
5478,0
2165,0
3392,0
8574,0
6419,0
2403,0
4093,1
4586,0
887,0
9703,0
1658,0
7695,1
9564,0
4571,0
6991,1
6799,1
2296,1
7009,0
4473,0
864,0
5573,0
9059,0
8867,0
1634,0
3974,0
8694,0
3813,0
4115,0
3641,0
1513,0
1790,0
1677,0
9128,1
7928,0
1794,0
6086,0
1053,0
8699,0
5669,0
7235,0
2647,1
5051,0
1814,0
7373,0
4831,0
281,0
3513,0
9225,0
6940,0
910,0
4274,1
6049,0
6187,0
4922,1
9857,0
4953,0
7839,0
7036,0
8835,0
4412,0
5438,0
1101,0
5071,0
8072,1
4106,0
166,1
7205,0
2387,0
762,1
1795,0
1722,0
7720,0
9223,0
9542,0
1988,1
4867,0
3092,0
6735,1
1750,0
6222,0
1054,0
4943,0
2987,1
1846,0
5387,0
606,0
8684,0
4529,1
9821,0
5826,0
1717,1
9265,1
1297,0
5849,0
7685,0
9722,0
9831,1
4842,1
8532,1
4591,0
3378,0
9973,0
2478,0
66,0
2590,0
7850,0
3070,0
7737,1
7461,0
5600,0
3376,1
9177,0
9607,0
9373,0
6272,1
1238,0
5349,0
740,0
5909,0
9347,0
6422,0
3969,1
8858,0
1701,1
6812,1
6170,0
3177,0
4067,0
8427,1
1333,0
5108,0
5660,0
6709,1
2353,0
9310,0
3175,1
4923,0
2972,0
2468,0
8957,0
2905,0
9085,0
7294,0
392,1
9942,0
6403,1
5833,1
2486,0
5307,1
819,0
9781,1
5750,1
5215,1
9758,0
8820,0
7646,0
1489,0
3514,0
4132,0
2189,0
8685,0
4767,0
3653,0
9904,0
335,1
5116,0
6474,0
1038,0
9934,1
9062,1
3830,0
1201,1
628,0
6103,0
3058,0
3545,0
608,0
1971,0
8221,1
8650,0
7699,0
3492,0
2993,0
9900,0
7908,0
8462,0
310,0
2325,0
9554,1
104,1
4921,1
9811,0
3800,0
603,1
7225,0
7770,0
3455,0
4069,0
1361,0
3132,0
2953,0
7670,0
6356,0
1446,0
1574,0
8237,0
3165,0
7707,0
6437,0
9303,0
4100,0
7964,0
1251,1
6835,0
4482,0
488,0
8761,1
4006,0
305,0
3936,0
3264,0
290,0
3880,0
1133,0
7552,0
272,0
2578,0
8107,0
6430,0
780,0
1248,0
3983,1
429,1
2269,0
6309,0
4536,0
877,0
6765,0
9473,1
9828,0
7288,0
5038,0
4665,0
5533,0
811,0
5538,0
9918,0
9861,0
6007,0
584,1
5253,0
274,0
4064,1
1334,0
1905,0
4752,0
3041,0
5911,0
8978,0
9936,0
5535,1
7006,0
8745,0
9116,0
5304,0
6829,0
7188,0
2947,0
5151,0
6926,0
4200,0
8696,0
2450,0
2589,0
2364,0
5825,1
4675,0
6472,1
9655,0
3388,0
342,0
6544,0
4042,0
6460,0
9238,0
1632,0
2557,0
9959,0
9977,0
6809,0
1657,1
4113,0
6630,0
7587,0
4259,0
7784,0
9091,0
5548,0
3851,0
9896,0
3565,0
534,0
4607,1
1859,0
6720,0
2359,0
947,1
9046,0
9709,0
2066,0
6866,0
2175,0
6818,0
278,0
7824,0
1698,0
8556,0
5615,0
7071,0
2019,0
2069,0
5564,0
3283,0
5751,0
4588,0
1190,0
4847,0
4119,0
7691,0
8011,0
9410,0
8963,1
327,1
895,0
6503,0
9366,0
6427,0
6217,0
6703,1
443,0
2752,1
6585,0
2330,0
314,0
1965,1
1710,0
7297,0
6397,0
1027,0
5558,1
2832,0
4349,1
3308,0
8229,0
3929,0
5456,0
8707,1
1884,0
7125,0
5195,0
2881,0
979,0
9262,0
5303,0
6431,0
8450,0
1544,0
961,0
3804,0
2484,0
52,0
7926,1
6423,0
5572,0
7532,0
3723,0
6559,0
5553,0
2910,0
3439,0
3274,1
9120,0
7849,0
5394,0
4810,0
9020,0
6785,0
103,0
2163,0
1630,1
6428,1
1324,0
1265,1
3634,0
2397,0
447,0
7315,0
9902,0
650,0
9309,0
3758,1
9911,0
2439,1
9862,0
8064,0
1616,0
1263,0
458,1
4261,0
4154,0
5241,0
654,0
8523,1
7529,0
5844,0
591,0
2250,0
5984,0
6463,0
835,0
2406,0
3435,0
8282,0
992,0
9252,0
7477,1
3150,0
8837,1
637,0
7394,0
1354,1
2565,0
8590,1
9775,0
2196,1
715,0
134,0
9797,0
9573,0
3119,1
3621,0
5335,0
5427,0
5940,1
3305,0
4913,1
3520,1
3768,0
2960,0
47,1
1655,0
8150,0
884,0
5403,0
5279,0
3124,1
4227,0
3369,0
4993,0
9314,1
9231,0
9913,0
736,0
2697,0
2272,1
4003,0
6041,0
8316,0
6995,0
8273,0
2393,1
2431,1
1379,0
3255,0
1931,1
3046,1
5305,0
3753,0
5687,0
114,1
7550,0
1211,0
5180,0
553,0
2607,0
2339,0
5495,0
6506,1
7431,0
3347,0
4762,0
2268,1
641,0
1403,0
8204,0
3381,0
9889,0
91,0
3316,1
1810,0
8903,0
8893,0
6490,0
2096,0
5077,0
1003,1
1229,0
330,0
1372,0
3985,0
2966,1
2270,1
7701,1
5467,0
85,0
1621,1
8655,0
6062,0
1738,0
3009,0
1100,0
2014,0
4207,0
7144,1
8414,0
4785,0
3053,0
8549,0
5583,0
5434,0
282,1
142,0
4617,0
5309,0
